{
  "poly": [
    "1",
    "x1",
    "x2",
    "x1^2",
    "x1 x2",
    "x2^2"
  ],
  "algo": {
    "intercept": [
      2.308934184733809
    ],
    "coef": [
      [
        1.0690560257985466,
        -0.04339683447297519,
        0.025199468343368267,
        -7.092692194128905,
        0.002894053410449852,
        -7.165002826879091
      ]
    ]
  }
}